strategy,Avg Accuracy,Std Dev Acc,Avg Precision,Std Dev Prec,Avg Recall,Std Dev Rec,Avg F1-Score,Std Dev F1
Early (TFIDF_Dense+Lex+Syn -> SVM),0.7194312318025887,0.039567879347763985,0.7734422048027871,0.028230915614578356,0.6203496061181071,0.09439987018883747,0.6855385499200919,0.0642307928008252
Baseline (TF-IDF Sparse -> SVM),0.49623511776067347,0.020916865380309645,0.49521965044874816,0.021038652554002828,0.48843079753895696,0.12308057248875942,0.48631033615973374,0.06620373930844563
Baseline (Semantic -> Dense NN),,,,,,,,
Intermediate (Sem+Syn -> BiLSTM),,,,,,,,
Late Fusion (Avg Prob),,,,,,,,
